{
	"credit": "Made with Blockbench",
	"textures": {
		"1": "backroom:block/beton_etage1",
		"particle": "backroom:block/beton_etage1"
	},
	"elements": [
		{
			"from": [0, 0, 0],
			"to": [16, 16.00001, 16.00001],
			"faces": {
				"north": {"uv": [7.92332, 7.92332, 15.92332, 15.92332], "rotation": 270, "texture": "#1"},
				"east": {"uv": [7.92332, 7.92332, 15.92332, 15.92332], "rotation": 270, "texture": "#1"},
				"south": {"uv": [7.92332, 7.92332, 15.92332, 15.92332], "rotation": 270, "texture": "#1"},
				"west": {"uv": [7.92332, 7.92332, 15.92332, 15.92332], "rotation": 270, "texture": "#1"},
				"up": {"uv": [7.92332, 7.92332, 15.92332, 15.92332], "rotation": 270, "texture": "#1"},
				"down": {"uv": [7.92332, 7.92332, 15.92332, 15.92332], "rotation": 270, "texture": "#1"}
			}
		}
	],
	"display": {
		"thirdperson_righthand": {
			"rotation": [75, 45, 0],
			"translation": [0, 2.5, 0],
			"scale": [0.375, 0.375, 0.375]
		},
		"thirdperson_lefthand": {
			"rotation": [75, 45, 0],
			"translation": [0, 2.5, 0],
			"scale": [0.375, 0.375, 0.375]
		},
		"firstperson_righthand": {
			"rotation": [0, 45, 0],
			"scale": [0.4, 0.4, 0.4]
		},
		"firstperson_lefthand": {
			"rotation": [0, 225, 0],
			"scale": [0.4, 0.4, 0.4]
		},
		"ground": {
			"translation": [0, 3, 0],
			"scale": [0.25, 0.25, 0.25]
		},
		"gui": {
			"rotation": [30, 225, 0],
			"scale": [0.625, 0.625, 0.625]
		},
		"fixed": {
			"scale": [0.5, 0.5, 0.5]
		}
	}
}